X29vdU9CZFRlYW0gSURScj9zOXN+,TTJRaC9BPDIwODJAKTp3Wkw6,TVVNcVYoPU9TYnY8ZjBnNA==,PXg/XF9uJldpbmRvd3N9W1pxRypw
UCV6LkttVEZvciBtYXplMDAuanBndW4qYHlRWQ==,Y0JdPXdcKjEwMC4vR1tjTFI=
fi56dk5OKTdCWCM7Ijxo,SlYlS3BaYzNGVCx8IjRq,U1JPc0I4PzEwczkmaVlkPg==,MDExT1o5WDEwREYsPCJ5Pw==,MEwkLXB3ajZDbShLeFJA,enQ3MilNeDMicDp+dUA2,YyJXJVcjfTEwclN4e1ksUw==,ViZbKTMqdzY5YDJHVXtr,SSMrVjJ4RDMhNTlaXC5u,U3R3P0hmSDZbQic9dkBB
bUxvX0FbNTFbdURxPyxX,VmpvNUwuezEyYWQxUzo3VA==,MU45VlNoRDNrWjQoZDJ2,YDg8LWtYPzEwP0hWQ29FOA==,THhHRFlKNzEyZ0BzWTpxcQ==,RldZdD9hUjVTSXc9OHVo,LVQiNkZjQzdGKUNhNDst,bk1dfHI8Rzkvc29BM0p3,RXV1d0BrJTEyKmI+QWRnKg==,cSFwPCMwVzU7Z3NDIS1u
QGRwJT4iIzFSW2lWWk8s,KjBsQlFedjE0akYiLGFXOw==,S3M0NVtNejkrbiYsQ2hf,NkZATDp3cDY4TmtSVUc/,TGdwTFpwVjddWThfWFgu,UjB2Iyw8QDUqd3B9IWUi,Y0lBYmopNzllM3BYRGRW,TF09UUQ2NDEwVCM1J1lRZA==,XGw2IkllajZJPzZuSl5g,ZXFjMmFjczVyUjMzRzhe
NSI8KnMneDV2T3p0LG1q,aiMoK0p5UTNmZidBcXRR,aW82cSl5PDZDbnx3Lz9x,JDl3YVpeSzVseXUmKX19,dEA6OSlVPjVaWFleITZy,fDc6dUdYXzlBcHlBKTJ8,MVBpOGlVMTZJejc3eE5y,LmVHN2I2OjNtd0ByR004,Y3YwNncwLzEyQnI1Q2Rrag==,VnsoRFFYaTUsPS95ajhw
eFosUSphVjVyQytBc3xK,KDpbTTd2PDUjYWBgX2Y+,UmM1b0lbOTluN2d3KnNP,SjMwbVc0UjEyQW5dPGE0Kw==,WTN9VmckIzEsdDxDJV1f,VlFaPWBHYTE0ZHtSZTRAJA==,IUhCa2VvVTkud0RUejN6,Mj16fCotYjQ0ZW0jLVRq,VCFRdGsqLTN0b2pERzU4,Ok14SShELTQwUk8pSUt0
JTM0WzQoYjVuMlNCSWIr,QCJjSDpFXjklZFtTXyxA,WUVBdTA+fTYvKU8/Mmk3,eyMiRzlcaDcwdChkYz1K,Ll4lPlYydDFWT1g0dEpN,bi0lVn1TcjEwIkJ5RXdgbg==,SCNGLFAxZjEwTzt1ZnlCZA==,NXt5an1zWDEycyohdUZ8ag==,WWw2SnJBOTVWXWpnUEd5,SHdLdWdwSDEzay9zL2dXIQ==
Sy5IJ306cTledlJnanEh,PE1YIjRNNzYpUXl+dSo8,IyNoRkRtODV9QllAO2tg,VHxBIXldOTE9NTIyISMz,NCxBIXBIVzhgWDI+QCI8,LU5PcnpVcDEwVzdQLEk3PQ==,QjVQNDc1NTEwV3lxTjtJQA==,ODdtOHdlJDE0fVJfRDZGMg==,YVdFJ30zeDliSz5RdiFx,T0lScndjLzZsQDF9d0th
VlU1NGZCODdybzdJe298,ME0xZi1QPDUvPnA9OklK,eDdrMnJ9WTVxWik/OEh0,UjpVNklANzlTNVcudjRi,JmpxZyg5JzZDIj9yQXc6,Mnx9ZyFmTjNYWz5PUlRW,T35jdHsuXzZ+Rjt0Njtd,eVFnJXdPQDM+SVFSVmk8,LjtHUEArTjZpMEBHQyd9,ZXx5alJhOjViNDYjOD9Q
L3taOjVyazVlJzBfJFBn,TXA4Iz1qbTUzbUxbX1Bt,UEElNk1UJTlHUWBCYGBW,aWciMlMhRDE0ZSwtaiQtYA==,ST1YIjJXaDEzJDdeLylRJA==,djJZVyk1MjUpcWBgV2tn,ZmQxIy1IMjk5ZCl2KypS,WVU0RGdteTEyfV8iYmpuag==,ISdPL2FqITVafiEmaURV,Il9pOTBrYDVDd0ViNGJW
UnNad3QjaDlxWi8qMmlL,c0JOJj96WzhXOzB1fUsp,KzdMREBFYDEwKyc8QUdRYA==,eCJATHNuNTEwXzBjSzp7XQ==,JC1VQ252RzEwTUFneCkuXQ==,TC4iLjZXTjEyNV9fIig+ZQ==,IlpVOVJPLjExXEIsYmM7fA==,VCZvRXlcJzEwI2w/TSI4SA==,IlRYRFFsWjhCb1pNcSok,UUkuPWUrQjEya1p6ekRYOw==
ZFVBQnxnQ0ZvciBtYXplMDEuanBnYk0taSxxdA==,IVlLLTZoRjEwMEAwI1IyITs=
IT4+TUVxXTdPU1x8eHgt,QHgtISNMaTExRDVEd3pnKQ==,KHh4VU1kPjJIQWlYLHsv,dGxdLCNBVTJlOF0lX1Za,MDRLNlIlajZ9QTt4Jmo9,R2p9akw6fjdbNTNiRV9F,VzNhNDV3fTN6dFNaeklS,U1lpPm96bDE0Lzl2ZyllKA==,Uk4ndSlFNjdtMElId2JS,OFQzKWlkZTdoNS5WUyhr
Mmp5XSpMUDlrX14jMVA7,e1EvdUBRLDEwKlhsTm1wRg==,cyVNcSxOMjR5MmddPDIm,JmtiRWtVOzEzLnhcd1d4Ow==,JSNbfGBaZDEzM08yKz1ALw==,MD93cmVRXzlrZj46VjNe,bGMrWnxTRzBNLGEye0V9,PDNvZEIuYDEwUH5fWVZgbQ==,Wk5+LSVhXzBJSCMoS3Fr,XVE7Yzo2TzRycEsldDgt
MUNbPCVQXDNmPDdcb2o/,W08pPyhjTTE0Nz9gRjA4XA==,PFwybmlgfjF8YnJQeU1U,NHp1JFZ0JDJafFUuXVVF,JCw/MThtUjE0PX4lYVdVZg==,dEA8J1pITTExNllHSWhBZw==,UFFoXDdIPTBeQyo/UC89,Y2pFSUY2PTE0N2h5fWl6fA==,LUNsMXU+UTEzNTtFYUtHbA==,PyUvPjlqQDEzNWQ9PjRrOg==
OGNBYl1FMTFMUTdRRS87,YGFvK3RmczJYJC1ALD1a,cChUM2RZbzEyaTtXJiIycg==,XmFlaVFfNzEzSS5FOUlmYw==,cGdXbmRAXDExfSloSmZbWg==,UUBYcjp4bzIzI3MidDQr,Xzo6QUUiIjEyUSZseld4Yw==,dVA4Iyw0WjcoN0xZWFxw,eT1DW1EhJjdCcUU3Ziox,aTFAKDhpdTdNdkAkR2to
WmgoZHg9QzUjXT54QX5L,Vl5XcFg1PjErUXJAcEJU,NyRzWEtURDE0Uj4xSik5Yw==,XTtfWSY1MDciTCNVQil9,bXUpKSl9PDNEVGpkYGA/,e2pnSWxJfDgvXE9icXpf,ZGxfbEM7bjEwXzhGLSo2cA==,Y3RJTTsiOzg5M20zSjM4,V1RyaTUkOjhKbShwcll7,aHw7QVFCMDRJK3ghazd0
fFNOJn1zVTUoUzF1PXRN,e1d+bkZuLDEzUnptaDVPPA==,SzYqalAmLDd0W1hFQDh7,WzJiYGppOTFbSG1DVlgt,PiNILC5dMTEyajtMdmtYbA==,TnhzS1J1WTNpc3EnL3B9,LDghaSc+KTEwfEFeOERpLw==,Y1wqcFAvZTE0Z2YpTGhBOA==,RUI1XFNAOjExU3NYTFo9cg==,KlNHdnI/ZjEyI34yWjJ1Kg==
b0BbZntqJzVSezFtZmNc,Vj9XPmZgaDcwQi9SMUZ4,UWMoOHZvUTEkMHpxWzQt,c1FLImxkVDg1V2chS2JV,ZjdQVGthZDJyJSxMKHos,TiRwe0tSaDgtaVo8Y0Jv,QjpxT2VnJjJxaz0wOS1T,OipSZEpyVzE0U3MiTVxrTw==,IiN3TT1CZDdYWlcpeyZB,SUZkXTg1YTd2PyhcMVpn
ImB3KHJRYjk3YkVeJzVC,M0JOOEE9TzgkRiJtcHh2,OzM5b1dxTTQzcGZ7eVFL,XClEcShDQzdUQzw2bzlp,PkF+clgjcjEzYFlYMD0nQg==,SlgxN35kLTdyQ3hcP1Bh,TWxnP1pAWDEzMlJtI18nKw==,eHFaZ1wqUTdQJFksPlFI,ZWRQfGI8NDF2M0l4ZHE4,ek9uL1NuJTEyNmdsfT18Nw==
bHVHTn43eDExdSIqKHZNYQ==,JlhDa1V+MzY/bFlcWm8h,YWI3PFtWWDFtQHJPYTQm,XTY4UzNEfThxRidZZEpD,aFpvJ0g2fDEwe1VRMi0qcg==,YEV+fiQrJzBrKSw1P2Uj,cE96ZC5WOjJRKjdZL2dG,RER2SHInJjBVIWcpRjRa,JXMjQWlsazg8OHZdIih8,WndHQXk1bjE0Z0VOJWVtfg==
U3t6N3lcSjExLlElTWM2dQ==,Sik+Yit5MjhQXFt5ZW0z,T3RGcE00UDgyUic5cUQu,PzpaV0ljbTEwS3VMZUNwJg==,JWsmXXd0WzE0NGVCR3dSRA==,NHNifihDQTEzMTs/djlofg==,VU9cS1h9YzEzJXRga1h+Lw==,dVdLbTs3VzlHZlpDRl1U,KSVrUGQiJDEwTzt2KHdvQg==,dS8+JkpfJTE0Ii1vQS1caw==
Lk9edSRNbEZvciBtYXplMDIuanBnT1Y/NHY3cg==,fVtOJ1BrNjEwMFVFRiNXJlY=
VGMvNWJRfjcoZXFvWkdd,c09AJzA4NjctL2NubGUn,dG5QYzJ7NzExWWVkcmVheQ==,MkdRQjR5WTZya3swJSYo,aT1RS2oqVDMhcnQpNlkk,VzAoOTklcTEweUE9clYwaA==,M21iMnNeZjYkM3xgKEVt,PyIjT2BKcDdvWS5SKD5T,PntZS2dlbjNpXz1AS3NO,RjYzOEV2KTE0aXN2PGQyQw==
Ql1WQCh1XTUrZTUzaj5N,eUU8O1gkVDUoLEkzVFg0,RnI/KyxFPDExOVNCJEYqJA==,OFlAPCMzRTguU3tgd2JG,WVpfd0AvXTBYeEs8fj18,JHZLKl4xWzE0P2dwci42IQ==,a0E3eVopWTk6MzBmeElx,RypBJlxcPzhaeyxnPWFX,JEdFZDcreDAjNl5FRW8v,ZX5oNFtTQjE0U1NEOHdxXQ==
Y0RXXCNcajFIMjMySWpH,UmFnelk3VjBsYDY+NVE5,dGtKS0I5ZjEwXWRNbTNESg==,dmZVXFQkUTE0TDJ9W1FSdA==,dT9oXyQ0KDEzM01ZfGZwbA==,SG1lb0YkZjExdX5pI05bbw==,VjtNUUdEKjZFeTpyOVoz,MT1DeUtaLzNOZnRGR3Qo,ZnVpcDJldDhuXzc4YkdG,akNZbmkudjE0QHJxLyk4Tw==
NnR7cXVRQzEzNCFOeignag==,X1o4dl8ubDV8NCh7RTZT,RUpOZiZ+VzExXng6SUFXPw==,OFx8R2xLcTJdYWR6fiNe,T0hkJENxcjE0X2RuLVInZQ==,NkJzeVklPTNOODplZ2A4,R01HfERsIzhqYi1hfiNE,KzcqYSxuLjAiJSgyI0Nd,UzdTNmItazEwN1MjYD9Ffg==,fTBFZVF5fjZbZk1rPlVV
OnVTY0NcRDNfTmglLWxg,LDxpMV41RzBqKElTLElK,T0QrJ1hpaTJOZCcvdn5u,OC9yfVJDcDgybS4pMil2,I193KChrJDJ6MXF8eShm,VzVKViFaOjEydTdILFsuWw==,VGp5JXBwWTExWTI/cjd6Tw==,O0cjZzJpKTB3PyVLTCVI,enU5fiIqezE0NGVbOl96Zg==,XWEtOkRNRTEzUD5geC1uWQ==
Zi9NVz9LPDV+ZzFMKm01,K3JQKXNRSzUrXCotfSJL,X1okdEQ2XjVBUSQtUlpN,ZzI8LHknXjExSTRQbGdAdQ==,eChZT096Ljg4QCR9eWFO,b1R2Ml87bzE0NVhSPEp7ZQ==,N0lALlZpSjExQ1pCNGcpPg==,diktcT1SITRNTllnciZP,bU16MT96dDM8OTNUO3ZV,XCVxXjFbNDE0cHRsUmcuNw==
NWM0WlZjZjVpLVJcQzpB,T2J4K3A4fDVqZnZNaFNO,Ty83KHsyKTVta2JwTzEs,R0ZoeWQ3RDExcE9eRUsmKw==,NT1qVi9BXTEwd3t6Klh+Lw==,TX5JKyl4cDJPdHlXLXw9,UVk4MSdZVDJyOiJoRi1b,NElEO0sxXDgiVmdrdV1w,J0AvcU9NKjhUIzxdOGt5,KTlfd3hNLjY/UEtEcT5c
c1N+N00xRjVAdFE7bDRN,RGhBKl89STEzUi41e3ouSQ==,I0JKJVNOYDEtTWRRZFc8,bl0yMnc+RzZwIzkmYXpj,VUY1anwwdTExOEozekY4JQ==,cWljS3RJaTEyITlnZFl1UA==,fTovLltUaTFCUUJlN1Qq,aDFQRi01OjYqVSUrM0x9,LXgkX3JELTNVWDFTSX5s,KF0xd0lBZzEyRXFOQTV9LQ==
WjIxdl9TQTEyeiQxPWIr,SzNJZE0sbTZYRHxVUTIz,Ll45VE1cIzEzQ1xSS2xZVA==,RjVRPG1TVDVmaDsrdVBF,KDtTSyJGVzNGUG00dndH,e2hUTyUudjEwaGM3Y09OKA==,LSRxOFU1PTRjXS1PRj1M,X0I3e2AzOzVWYjRrLSxS,Zzh+THUmJjE/QnErS1w0,USZJXCInNDZKR1Z3Zm0i
PUdJZEJxOjEzJ3NwL2tQSQ==,PjxvRit+Qjk5N0ciZStM,TnxSR141UDE0UHtNPC4/Vw==,Wy82b1E5QjEzalZQYnhAOA==,QXxLQkhufDEzZGVYMlxleQ==,bSx7bjdFYDExY0xaJy5sfA==,Ny5bQHQ2czEyQUI6ezV0YQ==,P1crWEsnNzEzaXN2Ny5BIw==,U3AzL1k6PTEzMikyX31PMg==,MUsjMUZCdzEzYygnU0ZqTQ==
eURAJ2Z4fEZvciBtYXplMDMuanBnSXYwLWgwPw==,a0p2Y0NBWDEwMFMrRm8ieH4=
fH1lJXhMKTdra1c2L2dM,MFAre2QsaDExXn5KVEYkbA==,LWw2OUxwOjIpXjRHWyJ6,JihDO1E7aDE0W35HJTkudQ==,Tn0udGw3UDNaK0p3YjpO,cER3bn5VZjE0UkV4I0RRZQ==,YHImYkVlJDMkM0EmYEk8,YTU3Vk5BOjJsTCM2X0gw,OUswZVEsXzJIUyQraEA7,NmAxXExBdzZeMzt4IS09
KnxNJThTLjVacThZSkF7,VjlVc0IuITExZ3loPkxePg==,eThlZlR8djByJj47eXBU,MnxtWlQhaTJ9cXFbI3xN,b1lKbjRPVzhBP0lCeV53,aTJHPGZwKDJKJWF6RHYm,S203JEJXJzRadE9Iem1H,PGNRaDNYajEzOCp2Xkdxag==,aUYjbFZgTzEzanIpZXkoIw==,OCNIOGxlOzVCcXliNjhR
JVk2bklNJjF4e3l9PHc9,L1cyPlM+SzEwKzBvJF4uSQ==,PFVVcFgpbzEyZip0UF1Hag==,KSFvb3RAXjEzRmo4ND9DUA==,cSgxXnp6WjExZy0mYSIsVA==,eDsmYjxeSDEyST9IIz5fVQ==,K19oSy19LDkuaH16NEs8,SyR8NGh1KTI6ZkhQaE41,XVQuKzRvSjE0Wy5XezpHUQ==,bmI5IU5XSzUudEhpI1I9
X2RAe3RRbjEzYUR9cXJDZA==,WUVxV11KLTExXSsrbXpDZQ==,IyEoYlkpXDZMd3svW2N1,W043VjVAUzNdT0pVdTF3,TjYlYnBuMTIrInRzTlUr,ciknKipfUjEwcEpELEx2eA==,V0V7WGotSDEwIlxAd2l6ZQ==,fSlvTnk9NzBYZThTOSg4,KDoxKjYoPDE0ZGYuKjJANg==,fTBfbkJWazUiaSVGSC82
RiMve0B3VjNBQEFrK20v,X2lwa3M7TjEwTS5LRktrbQ==,bDQmeixmLzhyQSR2IntM,OFhSWyVNRjRuY2I1XzU9,SXx8Ild2QDEzL1M9JExAfQ==,W05UNyk8QTMsXWQvajl2,ISR2UihgJTEwMkJScnp3ag==,UWcreW5+YTA1ZVtFXm1W,KDh8e3NjaDE0TTpibydXcA==,fSZwS1NJbDVIa0UiKm40
Y3R4UDBURzEzez9bTH02Ig==,R20oWTxARDExZz4wSCVPcw==,V0xaMXxnVTEwXjVhYzp9Nw==,XVh0dC5fRzRDI1RgKj9h,RlgiSCxSSzNuQVI0LF4j,SS1ye0hZKTEyeG9FYlVJfg==,TjYnOm1oQDExaXRkK0hTPw==,YSVdai9pRjBqU2BPIW4y,KUdUTVpLJDE0J1lwMUddZg==,dHU5UGdyYjVHNUZfOngy
Ti5wZDEqZDExJzwvNzE5Pw==,aEkvfSZwOzEwYitETEJffg==,RjM4UldrVjJsYnJwR04n,bFtNNDNKWTRRbkAyP0Ro,ek93XmBWNDUjSlwoL3Vd,PHNdaFJmNzdSc3pzLFZz,I0YwM2peIzcpPnZ7UCxM,cGVpXHI8YzFhTWt0Ryhx,TW5KKWk4cjZgcyddXkhL,cks3fGVxSzEzbHUpNC1mTg==
ZlgzcVR4RTNKZTMoJ0Nr,UmdlY1daJDJlLk1uYC09,QGBkclVsQjR9akBLOlkj,X3kyIl8sVTEzInhVbnVvQg==,KCJgVigrQDEzWElpQ1knbQ==,ODo8WHdRfTF2SDZ6ejow,ckpdaTUrfjAuSHVdUHtB,eC5JZDZtOzR3e3pZLGdm,VEx5R1hSUTlmKTJ2TCVn,SVQnJSxYWDZgelR4PWJa
emZVUzRjYjEzIVd0K3x7Pw==,eSkwVUxaKDU4Ry5RfUsr,NVUuSSInKzEzOjZ+bW1RcQ==,eTNTfEt6RTExTCh+I1Q/aw==,dWAubXVDZTEwQEZeLGx5Wg==,dGVdP1UhXDEyLzUhbjYkeA==,QXF5bSx2RTUhclFbV3Qm,bjtWZ3N4ajVWc01YR2BI,KVtZS2ctKzExcFIydVp7bw==,YFp3ZF0mbDQzK3lIRXo+
WX45PUlWXzExdlExRzshZg==,JE9zWXR2UDEyUTJebVZtcQ==,bTBcUHAvWjExZGpCUVhyLQ==,KmYpOVwsVDEwOSUydE5FVQ==,Qj1GMyI+KjEwRG1xZHxAZw==,Z2NULlcnRTEwVCUkcnYncg==,O09uOCE7VjEyRFVCPUltLw==,eHY0QGI6UDEzPHtVdShSWQ==,RUJEMDNKTTExJC1qdy5TUg==,YEJKVih4WzEyKF55JT5DLA==
W1woRDt5JkZvciBtYXplMDQuanBnfCdCel9bYg==,MD1Ld102eTEwMEhsTmhnKT8=
YFFWZEJUcTdMayI0d2FH,bzQpb3JpYDExL0U0QjspZA==,X3dceCdwJTIuXD93PGcs,TXNqc3JoVjEwI0JbZHxxXg==,ZSViP1B9QjEwKHgmZEJQTw==,eGZVeztyQDEwJGZoOCd+YA==,U1hYOlFiSzY7YShzcDY8,byljKXIhfjNEN08rXytG,Nmcufm5GbzE0QWdoOG47Rw==,cEtGT0hMdjczaS4oeiQj
ei9zU3ohRTVwaXdCQ0su,Vm8tb0FBIzcwLV89IiNC,OWU+PFpyejEzamp6LVctPg==,MW1dL0tUeDdDQ04+PTE6,YGArKGc1Zzc0Vz5QOS1T,UyhDbSVNZDExNTxRVXRkaw==,U35dN2ZSZjAmUSY7LUJ6,cWtTRFQiXzRDOyFbSHZp,bVl2ZXxUWTMqdnJOMGFj,WHI8XjN2VTEyXUUiXFs9Ug==
PHl4LzdWTzFpU3w9diRd,a0d8UERDOzEySTN+Q3xXVA==,QEc6Uzdsajd3RDRxPUYq,X0NTRWIsQjl7b1E+Rilg,LSZtImw+NzRMNVRPcmoq,NXE6MSYkIjc6QDFBXXNf,aX5JeHFHLTEzKThYcilufA==,dExpKEtEQTV6MT89V0w3,Nzp0L1xuazF0J05ESlgv,X05pKHw4cDE0cDFjcGBhYw==
WWwzIUlTWjE9akVXY15j,Oy1iKCJIRjE0JVlUNj59Tw==,RXB6Q2RLJzFAMnE1KSdu,TGsiaiFuPjZQaiFNPnxM,ay9LaUQpLTF3Xm8hTHtZ,a3c5WjplWTRFIXQlNi9y,Izlva0I0ejdbe3VzXSlu,Y25kY3gzYzUhIkFoai4+,SilqSnkzODV2SjFcZSVI,eSQ5b2JdfDdPNSx4b2FI
KGxaKmY/KTE6S3EmIVhB,SideelZYLTE0JypJRn1HQw==,MTd4JTAkPjEzV0MlcHhvRw==,JTgsIXw9dzU4bzI+bSd2,RnM/dnA4WDEzQihAPE9DTQ==,RzVNbjdJdjllYlAnV14k,PXRbOlUoKzA9RUVIbzRR,LU0zbWpeUjheUiVZMCV4,Ul8kP1d0QTh7WmZdZG5S,Jl9icTNNJTEyIm9vXjxFSg==
QXFnRThQXzkhP3R9QGNQ,JzhOfCxHVTEwayw1P0koMw==,Q2RzfGZRVTZTaElLU11g,WkYvdjwzPzlOW2RDPzck,QEEuVkRNYzEwUDhIbEFZVA==,eC4qRUN0RjIidzZpekkr,X29pbylQQzhlX0FKMmpS,WE93SSU2OjJndG8jNFsw,RDtnNWIkZDEwTld7RHBNKQ==,LyJWTHBxTzE0TnhKR289Pw==
VEh2JGU7VDc7d2R9T1An,dj95cSpEZzNKMH42QiZy,PmhMbGxyVTRwMikqW3VX,JlZgbUVJPDdwNVhJb1N+,YENFX3ghejExOz9Yei9AaQ==,T3UtL1Z1TDEyLkFINGsyYg==,UCNycmp5SDcyY2pYUVBG,ZD1FQmw3KTEsJlFtYEpX,NSFwW01ZOzEwWC1CVXt1eA==,PSQ4W1kibzE0RS1qNCRAUw==
WVIsIVZRUTl0NEU1aUhD,JFdDYDolQDQ8YVhieUdw,XXEweU99bDEzNjtVSz9jXA==,UCguNjpbbDlbWSslbjpu,SXE9QlprXDEwXGMlO2l1SA==,YUdnPXc0JDJjTjNJUHon,djVcLyE7PzhIRW5Rbmtl,clkiUlsvfDBWTyU9XU9f,XTJ8MSFzazJgXms/UTx1,O080MmdFPDE0LSU/L2U7Qg==
QiRGdE1qejNUOGktPzx+,YTFAbnpQITBCSTIhdkRb,Jnx4NzQ7YzEwaTpBJl5WLg==,RmFgRHp2MDY5OTloQT9f,JjRLamRlMTExOytQIW85XQ==,P1pbOWRwNjRJRChkRTFE,X2RJMVZsYTExQDdzLz5iPg==,XS91UVl0cjEyUTQrJmolYw==,JCJaWjptWzFhUic1UV1n,a3l3ZyR9WzE0eXhlUXVpTQ==
QEFVaigiSTEzJF9lVnNiZg==,STFRWXxbdjEzOVlfMUtJZw==,LENWOFM6ejExSjx8W3l+UA==,RVlXa0NUcDhNJCg1d3RK,bHBFJjNbWDEwcWxOb30oOA==,IVp+ejo5KzhJTjl5IlF6,e1g2LyM8ZDEwYXpESks1Xg==,R2Q8JXYwWjE0OzlzNzM0Mg==,Nl1EISE5Pzl8XEhsQzIh,YD8pOmx7ZzE0Pj40fiVKWw==
L3txa2h4TUZvciBtYXplMDUuanBnYWtqLnNycA==,LUV5I3BzZzEwMCxYV0AkYD4=
fUk3QXNwTTdeITtbal5d,JzFdQX1FXzNxc2wkSUpg,KWxEUGxYRzEwfmkzKFp8QA==,d11VbStnYDE0RzxhX2MvJg==,PGcpMkZvYTNYfVU5Ii8i,Pk1TNz1kKDJtKDljcnZu,RipdUj1aUTEwIiNQJ2Y6LQ==,Rj1+eF4nMzE0LU9mbWtrJA==,eC1bdlwvejExdz0/a3leNg==,bHI7XDF0ejYxbWooJDg8
Y2ZoKXA/JDVrP1ZpYT9S,K2dmUUJxWjFrei5XRyVq,dncmKz1fQzE0QihfenJCTg==,dCYpMVtjIjExUlF7KTdgQw==,VD9NQDY2dTRrVUcreUgt,IzphNzpHYDk9cCEpPlQj,REFMIXgmcDZcWmRpJWI1,QmpSZntJajExMVdPam4zUg==,cGcneytYYTEwPFdIRzsyUA==,Xl9kbXNTJjQtLkdTNE9J
Zik3fV5qQzFPMzxNT0BV,Xj92OEdlIzBKUF0paUg1,bUooXnlEdjJVcGghIXZV,J2gieXZfcTE0WmZBTEw5OA==,J31CW3pENDEzdGYnY3kqbQ==,WEVnR05CWjExaDYpaV5mSg==,ek9jNlZbczBFLUU4Jkpb,VFExWjsrPDE0Oz9JN2RURw==,WH1EXG01QDNHXWBIanpi,Xi1GeF5VMTEyO1kpMCJWaw==
RUlMaVA/RjU5YFR8UFl6,I1d5XC0wMjEzM0g7QWdiRg==,LnA/Y0N+MDlzTi9VbXtj,LSUzfTQ/VTJlNVh2Yits,RGxgIl0tQDEwOUtmdVt5Zg==,SHdRdk4+WjEwbVNtfFJBbg==,RD5pNXFUdzQxPzZbTzI5,QW9uTVl3XDdiM25YVjws,cF1uITo8MDVZY35nMTxK,dkMyNi1keDd7PC83RHdb
MU05NGAiOzl2Nn02XVFY,L286fmRwNTE0enhgSH5iVg==,dnwqWUQxdDExKVc4PT9GYg==,QjxtWSlXWDEyeTxGJm1Ffg==,PSx+ZS5uZTNgQS9tak5j,e2FZNl9jVDEwMUEwTCswZg==,Yyp+YmlcPzhyWGx8Vlk7,SlksO3o6ZDBSbjAvI3Zr,fTMweHR0cjglX3JRVnRo,Nl4tMTV6djEyNVplUjleNQ==
QSVWeUFGMzExNERzTlZYXQ==,X3M1Jjd+JDZZTGQ9J2pY,azxAW0M3STExVmNhJXZLRg==,XDVqJj5BUDEwSkYobDJkTQ==,eChneFdYXTEyVnwjYEJvbg==,YChKNFxkYjc7NzxEem9n,VmVsIiQ0PzExYyJYUXZIRA==,JSMmVWxDbjQjfiVPOD9e,WlcwQ3BbSzNYaElDK0M1,PWhQUHwvUDE0R29LKjBuKA==
RyxeKkc3LzExYHdYNTNqaQ==,PjZxRnQmOjBRQDx9O0Bz,Ylh2XFclUDEwOCYqa1U9Sg==,LXReJidXQDEwPW06JzpJRw==,a00udkVxMTZhIiZ7KjZ1,Om1TXWM7dDFiJ1JEQUpU,O0srZEBlfTJTI3preHlz,Uil8KntQLzBCVzJ8Ym4s,NT92dD46UzBwfkdVSyd3,S2AlejlfKjE0Jy44WSpaNQ==
ZXpWJE41YDExMmU9QiVwUw==,UmEsaCNJZTEyXmh9el4tMg==,UzE1XkQidTExYnd2JmU2Iw==,cTI6aiNwYjJkOWlfZih2,aDVYXFZ8dTBvfnBKO2gp,JzdmMFA5IzRsekBbIit1,dXxbWWs7LjUqV3krfjc7,eDtZRzcrYjEzX1t5OlQ4KA==,S2xRTX1MSzlVYSpiXjxQ,RXl2KzllZjYyLS4uRTBS
a3I2QjhUaDExI1o0TkdfJg==,WHAzfitbUDEwWGwuKWtPQQ==,TkkiVzIxUTJYfGlAdGYl,UFY5Ol4mdDRofjlObl9l,JypVKUArXDEzR2VUdCIlSg==,PyI3InUzUTU4LzZaVS4h,NDx2JEJXdzFqbWQ9NG1X,LW1lbS5sRjIyMFFyRCxf,eGssaEZ7WzZ6bFRnLnMv,OFM5eWp6eDVaPFBja0JH
IVRQKXZIdTExYjREJkdbLQ==,Yig6TyFOUDEwZ1ModCJfVA==,dEFNI2h2IjEyeXNvYDA5dA==,LUo1SSRiSTEzKkducmlxRA==,KDBQOiwzPDExVTpnTSQ9dQ==,aSs+JDU0YTEyLzxJY1U3TQ==,UH5MJFUlNjEzV11xW10rZg==,L0ImLUozaDEzQXc+QVM5Wg==,YWxOW0wpfjEzZ2JtWDNpNA==,fFFSW1BSSzEzWm5jWWgzXQ==
JlFUWV0sRUZvciBtYXplMDYuanBnSUBfdCg0dw==,JWtTdih1XTEwMGM6bUZ1IVA=
Nk5aKXdwKjc2T0VhUSpi,YGFSNktJVzMtbFE/W21G,YVRbT2xvZDYxK28hUyg2,cygkKXwiZzM9YnRiNyla,IiN9R31lQDZyOig7YFNL,PXd4YCZlUDM2SzMsSmQ7,P1t+T2lxeTEwdzltQz1Dcw==,L0EqUX1+YTJOVkFGXzt+,cDo9V1BrPDEwNm5NLGo0Jw==,O3l6WVM1UjZHKzRVZX4l
bz1qMVQqTzFxKWVyXWgl,XTsiQjY4bDEybXY6MGZzbA==,SlcyYmYkfDk+ZCtgNXxH,NkRlPUNaRjEyKHNjMmk7Kw==,RkJjQl8oXjk3ODp+PTcm,W1UkUStsajEycD1Razp0SA==,NzgyU1FpRzNxQTpzP2Ut,d3Qnc3BtfjEyMUB9e0E3cQ==,IkklcG5gRTdLR25NbiQo,S1J0KFRJeDVVWy5mdUAx
WXwpQ10wMDl8UyY2el5T,O1dJTi1hNjEwLURtYyQ4ZQ==,RDltSkdFVjEwdX57eidtLA==,MEtgUVdqcjZSK1YkJThW,VGc5dS46WjdfUHRfSlF6,NVFZU1YrWTM8eVk8VFU/,J3MwM1x4VzEyXG9OU0ZhWw==,XS0mVT43WjExZ0hoakNvUw==,RUEmbkM4MzR3ekpcKStM,LzpaMyZmUTVNMFQwJjxw
PVl9alt8fjN2eW0/PDB8,Wmg4WnNyTjYufCknOm5S,eFNxVWs/LzNvTVRLbGhi,OnUlSn5cVzEyek4pXj9qIg==,UGQ8Y3BXRTU5Q3QhaU52,bDR4Si4/fTkyJGg+eV4u,aSpDODFsfjEwbDxcSjklWQ==,ZlElZHkpezYqMFtSQ09b,ZUR4ZVMkMjVoMFxQbnEv,VTspV01qJzVmdGhSUS1R
ez9OO3xHJjV4Vnh7eDok,OEFNSE8yIjleeVkpSnNm,Jk9YdTgsXDgmWSV1XE5J,YTQqMkZ1MTE0R0EuQio3Lg==,fU1oTF95MTFtaCgkSTRL,fkotPi88eTItNWQ2dzIo,e2pxTi14VjE0djgrI0ArdA==,JHFBYmgudDVQKmpQS30r,eGdbWjtgSzEqKSw/Q1Fu,P0ZhJ09LNzEybidLLz0sLg==
RHtJMl5tczVzO0VUZS4s,TjBUNE1cUzExaXUrbyNueQ==,Y0RXdzVpQzJiOVl8LCIr,UCxWVjtwajJFdGR+bkFP,dypoSndxWDEyRkUje2hVXQ==,e2xrenNEVzVrZmd+UCYl,SSooUC1iTTNfUj1jPHs8,VyQlKChhbjEyZ0ZQLCgqOw==,NzozZCVeIjU+eW9kYlg6,NUB8L1dsOTdyJW9wbU83
aGJbPXUkczk7ZS1FR1ZR,aUt7eSFAUjY6PDNNY25T,Uip5e3NJMzVIKHhtan1N,ZGRmPVVoVDU4Nz1HY04z,MS86KzI1KzExOXxrQDlvcg==,aDdhMDo0LjQ0VkY0e3Vx,MjJIIWgiczlGOF8iO1lf,YilvJGN9JjYtd2xENT5r,aipxVWB3XTlkWk5KRklU,Ozl9NSpSMTRAQ3F9NEdo
USx5YnokcjNGeEJRNic8,XExaUD1gbzEyWzVOfVExZw==,Y1tcaWcmQjEzIUpTYno+cA==,XV1KT3ZKbzlrNnlVWj56,LklLJkY0RjZXQTZ8WWc+,VnA9RkVtPzlmLWx0ZEQ0,SVlMaGdfTjZhYiNJaysn,QHU0JGN9ZDVpWFxza2RZ,SUtLaUF5MjcxLiZvSmth,MSRqP2RlTTUuaj97dic8
JGYmQ1NtVTUzOnhAcXU1,Im89L3ZoZTM7eTtbZnRj,WHZZSD9vfjEwQDZIPnBiZA==,I2VlWy1UMjZJbUB5ZWhK,OT4nWmFofjU2bCJJaDFK,VERhcjw+NDExO1wvJEJJbg==,ZCdiVDRybzEyM3Jzc0NtNQ==,JkouV3t1QjVge2gtYXNb,cnJIPDwiZTU0b0hGPkZV,VE8xRnUkTzUlfDNhIUR+
e006c0BqNzlzQUNcKWpI,JHsnaUdgTDEyPzpMQUNFdQ==,WF9HbDZLTjExIUJSK0k8Kw==,NTtZTE1zaDhKdHlYWGBC,WUo2TTclOzEyWnNGdlEyaQ==,Miw+TkxYPTExPDp2UH5Uag==,fHc/ejordTEwekBLInMldw==,eSFAejIoXDEyOD58Zy13PQ==,MDslQDFbNTk0P2taPDhB,ZGVXOFg5ZjEyTF5sVjEyag==
eEt1JHg1SEZvciBtYXplMDcuanBnLiFoKVhyfQ==,biMyPUgrNjEwMFNaNzNEO1U=
VGpGX2Y/TTMmaXUrLFxV,NHUudDdQZDE0b3cqbTpMeA==,QDReX2hWMzN+ITBLNFIn,K0c/XiMtKDEwOWRJfVs+ZA==,e312WENYOTEwIU04VzBXQw==,PV1FXyszMjEwUUtmMnBPaA==,RSdvOVlgaTEwZ28lb2BydA==,fk1cXmlfVjItcUNJNjgk,dnE0bnJiPjEweGUtdFpoNg==,WHpeeVBLITZAVjQ7WXdF
cUIifU11UjVzUlg0ZU54,czVIXkBNYjM0PDonSjwm,ISMsSDlUSzEyUl9NRWtoZw==,YFk2ZWs1eTExTFNvUyl3Zw==,SiImSEBSYDZSJ1hHVkEj,XDo7SXRBbTMmJUc/aF92,KTV2LUtKTTYxc3ljayFU,OT4kdDA7UjEzXVZCVUQraA==,USI3QkpsOTM/M0hsa0tO,TnZyXW9EMjRxTyUvbiJD
Inx7TCtLTjVGKTxRWjIx,VDxNaGtxZjlXIzUhNkY2,X2hYM3g6SzJNIS9dS3V8,a1NoJ351ZTEwPHsnSkRxXg==,Ui9LbVZlMTEyb0w3eXJXfA==,clJWLHFiKjUlcFA7VG57,fHQ6aC00aDlZK1tpaHoj,QmRUdC1hQTZnbz0kJU4z,R213SnRPXTV0OVQ8YWdk,cH5+LHRAeDEzajFne1paZA==
Pm80Z1AsRDFZJTRINSNm,KEFUdFVMfTE0bjIzWXwlJQ==,KF05YEZEYjVRKTslKk4w,ZGZjYEw1TDNWYUhmeSgh,P1tAUmxuSzZrJzRfKTMj,IkdBV3lWNzlcJTNTfk8h,RmEtbDFZdDZycz8tOFBa,LEAzQiQrIjVIJTpPZlRF,Ny1ANzx6QzlnNVkuR2tk,cUAtSltGTjZIIiYpUmUv
YCtdLjp5JTlOJSRTdj8u,Qi4mSSs2QTEwO2NgPXklZQ==,PmBMd2FzMDEyWGIzNCRJXQ==,aEpCPiYoPTVmQjMnU1xg,JWMpSDRUMDloZklLfklN,eSFmW0lKNzEwbk4sQSZUcw==,N2IlUFl6MTEyJncsfXsqeA==,MV5bXWsiVTVGNUw2RnN+,U2EuXTFuaTN2PHxVWmh3,Yn4oPWw4NTEyU05tNjhoNA==
Pm1iVzBPJjNXV09DSyU2,Ik18UShaLzEwR2dHSWZKPg==,JEE/S3U7WDZeTCpmOk90,eEhfYGl3PTUwKlRkZ095,MiolPHUwYDd0ZEAvOmt1,Qi92Vz5mRjN3fmhZUWtg,WjZqYWdMIjEwb1Q1W0cqYg==,SDh5RydvJTEyfD52SXE2MA==,U08yXiMtVjlWYm1ENkco,TSkve01MdzY9YGtPSSpp
a1p1ISVuSjUzOSRkci87,JWhsZl42XTExOD1NLFwyJA==,PyMiRnNRUzhmUHZaU0NE,KTxveTU7bTEydmBER001aQ==,OFdqKSw1cTViMz81XWcm,RWYuJGhRZjVOM1MtTzBd,TXk4RHlHLDMmWDUnY1Fb,Q3VMUFFBfjZNI3B+KiZs,LUpuey9FZjMpe2BuVDA2,b35bTDFDcDEyXW1bLFRZKg==
TVg/eltvVDVzNjUvJlI5,fVtZXCsiSzdSSlBLOktu,fiVyKCNyRTNpWVRiNU12,ZEZRdFl0QjEwZClhIlRqLw==,SnBeXGBqRjRoSmYqdC9t,YD0pbz0hUjVVcWg5bksh,KEN8QnNLaTUoPkw2Mis+,Y2hHeGdwKTVnUHF5aG08,JDJ0RTwsQzlQflVfSk5a,U11GbkRpbzZXJVFRTnwx
KT1UYmMuWTVcTVI4Jk54,R2ZpZShXeTUhQVM2eGh8,Yz5FRilJRjlHOnFBTH16,aFlAKkMpfjZ4c0BTLGUq,UGRbTXciWTU9ODtTXjFb,WiZKRU47ZTlfSmV7bkB+,PlJKWjFeezEyeFI8PytAMQ==,WjV7W3l4JjlMZ3VRXSNh,eXQ3V0hSbjZrajlvMkY5,e3c1Vl1pXDUkSzI0VE46
Li5jYVckbDlOLCxfP1h5,NydQX1QzajEyTScrcyReew==,bmZ8cFMqYDExNyg4an49dQ==,QGh6VHF1eDEyJUdeNzJsSA==,JSp6ZFNBfjk1MTY2N0kq,XHVMOTJ9UzEwJzRRWj81XQ==,ZixodX0oYjEwTFEiUXA7UA==,PGlaa2xCNTEwRHwpcjdiKw==,VHhXT2JcRzhWKFl0Kk5I,ZDk9PTtHRTEydWo2MVNUdQ==
Kzttb1MjQUZvciBtYXplMDguanBnRlt3cCRfZg==,KiYzOCFlVTEwMC59J0lqMis=
c09tWXAzTzNoREkkeFlS,ITNWcHwrOTIqUHdUOG5J,P2I4aTo0JDEwWXwmJm8uIw==,J04pXXdRZDEwOjtIKXlneg==,alBiWW1sYDEwJmg4O2RufQ==,bmw4MFBgXjEwO0VVXkRwdw==,XlB7PXl9TDY9NyhaQjMj,al5pTDV9TjExdyxESnN4KA==,WWdjSCFrNDJoXWJdQE4q,NnxIMSp7LTY5SWxDVzRy
QDokclwyZjVnYG0iRmhM,Ll5EST49eDUnVnw1L0Nm,ejFzLkhqbTNALlpVY0pz,bFUhJX5HWTEwfVk+ZlUrVg==,XjhYW3Z9ezEwMnJ0RChvNA==,LDguUWFISTZoYFFBe2tk,PHN+azs8Mjk4fjJLJHhF,clBlfj8xdDZHbCNeSk8n,elE/OU4vNTEzOHg2dTFWQA==,PjpdUHx2JDV3VHtFZyVk
aGIwJkJSVjU1Ol5IeUl7,e2BIaEF1fjkofHNkYmMu,ZF5JW1xgLzh7RWwwem0m,bSMxTS1jYjEwXyw5SlVIeg==,YFFSUDdNNjE0PE9UfFxtdg==,cC03IW8/dDV8aFxbdVlm,VFhsPHM2OzNgdTglaCIp,fiUrZjNLOjgqJiowdz4p,Mkg6THBUODEwQlUzM0NCRQ==,QkpNTEY0QjQ5UG1cUmAk
MmFMJkQlUDU2RWs1YEdW,Qz1daVd7TzMmPnAxSSVU,ZkA2KXw5bjYrRzArXUVE,N3o8VEc2MTNaQVEqbX4h,RHBWYyUhNDEwKXhSXycxUA==,NEB7RWovezEycUZDKidoIw==,d0VsOVVmJjEzdk82Y0BZZQ==,ZWpJJjRqWjM1Yk0jeEdj,fnNUY1o6UjY+cWxxPyo4,fHp5SX09OzEzXiErSEdIPQ==
cVxYSnAmSDlKYiZxciNc,MD1ZJXMiQzEySj01Ok5GNw==,cjVpU0ptUzVuLCUqanYr,bzhed1FgUjkuUSoqUSha,W2k/YlFGMDEwTXxTcWdiZw==,TWYlZWVDNjEwSSRsJVZTfQ==,Iz13IilbVjEwLDRSZUxkfQ==,fD0yLlgtSzEyXjFUIydKRw==,LjgpQ0YlQTl3TEVXbGgh,d25WRFs6OjZmcWU2PEdH
bTs5fjY1LTM5Oy5LQysl,KX4jW2xQRjE0QXpQbSJ8WQ==,UDltXzMsaTlURVBdJms8,KmxBSS0+MzEwPSYjO1tZYA==,XlAkMGs6XjEwJEhmciNgWw==,cEgnMXwyPzEwfj8+QD84SQ==,KFdMKEMxNDJKMSppeHA9,RTo4THwzfTE0SEs+Z3VVTw==,cTJqXGhURjNWdGN6fVpK,UWkiIisodzEyeExuXi8zJw==
OnMmIiVbfjF8JmVsdyQn,WTFGPisyJjZmNStiTWJW,IztdJilDIzNSLiJ7ITpx,NjIoY3R4dDEwXnZudC8vXw==,TTlVa2BXJzIiTVlSIyRP,cX0lY1h2QzE0SXVnS2YiQw==,S0RDPXF8YDVtamtdTT1D,Y2tpTW4iLjMpciclYUZX,UHBbKGksKzEyeXokIWJUaA==,cSVYM3hkKTcnJT5pIjxa
P2JRLV5sXDUpJGdERWc9,fmBMQVpAdzkiJUdgZ0VB,TTtsSjQtTDEyNVdgYHlTIQ==,a0A/KllZLzc9MzUuQSdX,J1JyQjZPLDlXJDtAXWpa,KFZaYlQyKDEwXypDRCclJw==,OElANmF3MTEySWpqaj5YKQ==,P08kbyFLYDEzXSk1U2t9SA==,b2crNDcuVzNOMmQzUCk8,fEBjNix9TDQyKExBZ341
PF9DbCRNNzlcXVVvME9M,MG9wXCUmYTZKSUN2RDkk,XjtcMyIqZDN9PGs5IXs8,Z0FPSHhQPDRdTVQsMUc4,ZTdNJmRGMjNpWkNyLFBy,LydZNz1HIzEwZl8qZV1cbg==,ZDZjL0pLITEwczN2ZlFCLA==,WmZ3RjBqNzYiZjdrNWtZ,YVtjZSx5XTEzYHBjVm16Ng==,Xn5AUUY6ZjUtV0xPYiFJ
KCtFL0VxWTExeC0jdDo5bQ==,Nz9Mdz4yWDh5R3NUZjBX,Z3FQSF98PjEyKTg4QmIxNA==,Sl8yKEorJjlWTU4mMFRs,LUdTLzQlKDEyRjZnYGhUKw==,WC5aWEM7IzExMXZNfDVTJw==,eyZ1TTA9ejEwW1pwfUhmXA==,Q09lSClOUjgnWVlBcHUs,Pjh8ND0rcjEwUyFxNzpJMw==,XDY3MXddSTEyXVREZTJ8dQ==
QmNPfSxcQEZvciBtYXplMDkuanBnakh8PU4wbQ==,NSJOfFYsLDEwMGZbfWg7cC4=
aS5cMk1OUTNlZHo2MVQ5,SWAscih8aDIxOXAqdDdw,OiZMbyVbUDEwajw6NGs/Ww==,M3wiNyktQDE0PyFpSWxrIQ==,fV4uKU9UXzN4P3M5UURz,MCcoRzwsXDEwe045Q0F7Yg==,I01VdUQhRDEwclRjM2E/Ug==,JitZU0V+OzZgODg2LE9t,KmN+PlYwPTExLy85Nm9fQA==,eXdbTihiIjZ1ZnZQaCxD
W3dyNUV5SDUxcF8/XyRn,eDtka1AnczUoPGhtWFV4,JXN9ZjclRDExOzlbR1AzfA==,dSFyN1MuazEwNllBU0dFPQ==,JCEvNCo3fjEyZXtRWSZydw==,Kmk1NWZEKTNNb1NKTXk6,KmF8djQ4aTE0ZW9rX1BiZw==,N3cidSkiSTlcTT1eejN2,ejl9flB0PzEwX2JLPmM1cw==,Jmh9NWRuMDRDVUByWVo4
Y2krJnUkRjV8aDg0UXFD,ZGUqbG9MazlSVFU0Onhs,e2c6Y3dZeTYmfV53TCZm,cTlbI1pjNDNjU2BpcW1s,Ym9LNTlObTEwMWVPR3BlJQ==,MjJ2OkEyfDhiIV9wLms+,MSU/KmRZbzEwbEVPSkkodA==,ejZhIyZ6RjEwOmpuc2BuIg==,ZVBwXTNdSTEwJVJWMUxgKA==,fDQhelNgYDEyXlkidXttXg==
cjk2b0wiTTVtfSFPJyQz,KiFkJFkqcTM0WU95cVZi,LmNyc3klUjR3ZmYuI34v,YjdZUEkkZzk2WDxKNHVu,ZlhDNEdHPTZuTTMlZTZP,UFokUihKdTMrd0wkOzot,QmxFKEcuZzJMdz04an1v,NlpqbCVMdjEwL1sjeXtifA==,VyNcdUl0WzEwI0tST2s7cQ==,RURMem91JTE0Jn0zNXNNOA==
Vy1tOF5YeTVtU2ZEJCFf,K3RYPEx5ZjVjQUpaQFQw,b35eTDtFcTVnYDB8b3VA,bFVLLUNAQzMqbHJrYnxf,WllSN2hdXzEyb31dPTVtSA==,d1hdQGg6OjUyXU9KSDhp,PF50fW9nKjEzIXM+TTFpZg==,QFd+dCRbRjNLY2tdUHFc,Sn18JTpoWDEwJzxsQ31aPA==,cV89K2xISjY6VzolNF87
KVYyYFVPQjVZLSI0cTN1,bkxLT3dgPDVnMCVieSJp,KXpJZ2UjLjVkLi0hbyNj,IldIeVBmNjUydmkxTllG,ezZlNCUqJzd9IyIjQ2J4,a3VBUDJRezF8dDUhbj8n,OUdmKXZSaDYpOSRYS2gu,dmI0X3FkMjVbP10rKGk/,SXBvVmklZjNmT2hJSSFa,blk3KDosTDRCJSR5c3h2
IUQjfDtvXTU/aUUnJW1Z,ZUh8I2ZwRjUzSjlKci9p,bjM4IyNycTEzbkZ6e1BjRg==,LHN3ZWxhPjVhKj9EbjpL,QVBYe1pQWjlHcjhkZT0h,RS1bbEBFbDEyZUtrZ3AufA==,Nks1V3BmUDUiXTk8elNI,fl9xOidpSDVKWl1QRHcp,cydbaT8jKjV3ViMpOH4k,NC9AKXZPbDVGPycub1ZP
QlN+QFtYczVWVn40JHwo,I3pgKDkkWDl8LC1XQSNq,IV5JaXhzNzYja1F0ZmJh,ajZVM3AqazllK0hpRSh+,Pi8qeVVVTDZtZi1vJEYo,QkVQbi99azM9PV9HJT5w,JU9tNT5UPzEyRExaTSRLUA==,M0pfVTokPDV3ISZnN1A8,PUk6OktBbzVxTi9PbHAu,YnU5R2BWczV5O0FHazh5
JlgzJ2Z0RzVJdmooJEdZ,bnp4PGxmbjc9VH5YfG4v,MTxGZkBkKjkveCcvZydZ,TWx5bVRccjYyInVlbklZ,LH4jNSFJMjV4YzdMZGtn,WG0tdmxPPTk4QiRcRl5U,N3RUNV4uITEwTHdwIW4+Og==,IW1qey5QLDEyZGR3amgrVA==,K084LXQ0QTUhe31BQTZz,LkZsNTVLNjVPaixJKHhj
LXcmOXp6LjlDdV9UWWts,dEEhaDtuZTh2SG5fMmok,angieUUyQzE0dTQ7Jk5Wcw==,bWxWYSVPMDlTdF9lO2Qo,JnUyVjZmfDgwODB9ZF9Q,SWYlYjg5NTEwJ10sJ2o0KQ==,OyZ+W3xiYTEwPT11cFJ4Pg==,MExDWVg2VDEwN3w6UzNLSA==,Uy44eCMxLjEydHVnQ1FsLw==,aT9tfV1ZYTEzOnlcQ0F4Sw==
ZyN0bERxLURhdGUgYW5kIFRpbWUgb2YgZXhlY3V0aW9uJz0xLidUWQ==,PXloJFw6WDAyLTExLTIwMjAgMjE6Mjg6MzAiTDBpS3Zn
